LiCl,,,,,,,NaI,,,,,,,
Br Pure,r+50,Br+100,Br+150,Br+200,Br+250 ,,Br Pure,Br+50,Br+100,Br+150,Br+200,Br+250,,
0.475,0.592,0.61,0.605,0.591,0.581,,0.402,0.439,0.445,0.442,0.434,0.43,400,400
0.463,0.576,0.594,0.589,0.575,0.565,,0.391,0.428,0.433,0.43,0.423,0.419,400.5,400.5
0.448,0.558,0.574,0.57,0.556,0.547,,0.378,0.413,0.419,0.416,0.41,0.406,401,
0.434,0.54,0.556,0.551,0.538,0.529,,0.366,0.4,0.405,0.403,0.397,0.393,401.5,
0.419,0.52,0.536,0.531,0.519,0.51,,0.352,0.385,0.391,0.388,0.383,0.38,402,
0.404,0.501,0.516,0.512,0.499,0.491,,0.339,0.371,0.376,0.374,0.369,0.366,402.5,
0.389,0.481,0.496,0.492,0.48,0.472,,0.326,0.356,0.362,0.36,0.355,0.352,403,
0.374,0.462,0.475,0.472,0.46,0.452,,0.312,0.342,0.347,0.346,0.341,0.338,403.5,
0.358,0.442,0.455,0.452,0.44,0.433,,0.298,0.327,0.332,0.331,0.327,0.324,404,
0.342,0.421,0.433,0.431,0.419,0.412,,0.285,0.312,0.316,0.315,0.311,0.309,404.5,
0.327,0.402,0.413,0.41,0.399,0.392,,0.271,0.297,0.301,0.301,0.297,0.295,405,
0.312,0.382,0.393,0.39,0.379,0.373,,0.258,0.282,0.287,0.286,0.283,0.281,405.5,
0.296,0.362,0.372,0.37,0.359,0.353,,0.244,0.267,0.271,0.271,0.268,0.267,406,
0.28,0.342,0.352,0.349,0.339,0.333,,0.23,0.252,0.256,0.256,0.253,0.252,406.5,
0.265,0.323,0.331,0.33,0.32,0.314,,0.217,0.238,0.242,0.242,0.239,0.239,407,
0.251,0.304,0.313,0.311,0.302,0.296,,0.205,0.224,0.228,0.229,0.226,0.225,407.5,
0.238,0.287,0.295,0.293,0.284,0.279,,0.194,0.211,0.215,0.216,0.213,0.212,408,
0.224,0.269,0.276,0.275,0.266,0.261,,0.181,0.198,0.201,0.203,0.2,0.199,408.5,
0.211,0.252,0.259,0.257,0.249,0.244,,0.17,0.186,0.188,0.19,0.187,0.187,409,
0.198,0.236,0.242,0.24,0.232,0.228,,0.159,0.173,0.176,0.178,0.175,0.175,409.5,
0.186,0.221,0.226,0.225,0.216,0.212,,0.149,0.162,0.164,0.166,0.164,0.164,410,
0.175,0.206,0.211,0.21,0.201,0.198,,0.139,0.151,0.153,0.155,0.153,0.153,410.5,
0.163,0.192,0.196,0.195,0.187,0.184,,0.129,0.14,0.142,0.144,0.142,0.143,411,
0.152,0.177,0.181,0.18,0.172,0.17,,0.12,0.129,0.131,0.133,0.131,0.132,411.5,
0.142,0.164,0.167,0.167,0.159,0.156,,0.111,0.119,0.12,0.123,0.121,0.122,412,
0.132,0.151,0.154,0.153,0.146,0.143,,0.102,0.11,0.111,0.113,0.111,0.113,412.5,
0.123,0.139,0.141,0.141,0.134,0.132,,0.094,0.101,0.102,0.104,0.102,0.104,413,
0.114,0.128,0.13,0.13,0.122,0.12,,0.087,0.093,0.093,0.096,0.094,0.095,413.5,
0.106,0.117,0.119,0.119,0.112,0.11,,0.079,0.085,0.085,0.088,0.086,0.087,414,
0.099,0.108,0.109,0.108,0.102,0.1,,0.073,0.077,0.077,0.08,0.078,0.08,414.5,
0.091,0.098,0.099,0.099,0.092,0.091,,0.067,0.07,0.07,0.073,0.071,0.073,415,
0.085,0.09,0.09,0.09,0.083,0.082,,0.061,0.064,0.063,0.066,0.064,0.066,415.5,
0.079,0.081,0.081,0.081,0.075,0.074,,0.056,0.058,0.057,0.06,0.058,0.06,416,
0.073,0.074,0.074,0.074,0.068,0.066,,0.051,0.052,0.051,0.054,0.052,0.054,416.5,
0.068,0.068,0.067,0.067,0.061,0.059,,0.047,0.047,0.046,0.049,0.047,0.049,417,
0.064,0.061,0.06,0.061,0.055,0.053,,0.043,0.043,0.042,0.044,0.042,0.044,417.5,
0.059,0.055,0.054,0.054,0.049,0.047,,0.039,0.038,0.037,0.039,0.038,0.04,418,
0.055,0.05,0.049,0.049,0.043,0.042,,0.035,0.034,0.033,0.035,0.033,0.036,418.5,
0.052,0.046,0.043,0.044,0.038,0.037,,0.032,0.031,0.029,0.031,0.03,0.032,419,
0.048,0.041,0.039,0.039,0.033,0.032,,0.029,0.027,0.025,0.027,0.026,0.028,419.5,
0.045,0.037,0.034,0.035,0.029,0.028,,0.027,0.024,0.022,0.024,0.023,0.025,420,
0.043,0.033,0.03,0.031,0.025,0.025,,0.024,0.022,0.019,0.021,0.02,0.022,420.5,
0.04,0.03,0.027,0.028,0.022,0.021,,0.022,0.019,0.017,0.018,0.017,0.019,421,
0.039,0.027,0.024,0.024,0.019,0.018,,0.02,0.017,0.014,0.016,0.015,0.017,421.5,
0.037,0.025,0.021,0.021,0.016,0.015,,0.018,0.015,0.012,0.013,0.012,0.015,422,
0.035,0.022,0.019,0.019,0.014,0.013,,0.017,0.013,0.01,0.011,0.01,0.013,422.5,
0.034,0.02,0.016,0.016,0.011,0.01,,0.016,0.012,0.008,0.009,0.008,0.011,423,
0.033,0.018,0.014,0.014,0.009,0.008,,0.014,0.01,0.007,0.008,0.007,0.009,423.5,
0.032,0.016,0.012,0.012,0.007,0.007,,0.013,0.009,0.005,0.006,0.005,0.008,424,
0.031,0.015,0.011,0.011,0.006,0.005,,0.012,0.007,0.004,0.005,0.004,0.007,424.5,
0.031,0.013,0.009,0.009,0.004,0.003,,0.012,0.006,0.003,0.004,0.003,0.005,425,
0.03,0.012,0.008,0.008,0.003,0.002,,0.011,0.005,0.002,0.003,0.002,0.004,425.5,
0.03,0.012,0.007,0.007,0.002,0.001,,0.01,0.005,0.001,0.002,0.001,0.003,426,
0.03,0.011,0.006,0.006,0.001,0,,0.01,0.004,0,0.001,0,0.002,426.5,
0.03,0.01,0.005,0.005,0,-0.001,,0.01,0.004,0,0,-0.001,0.002,427,
0.031,0.01,0.004,0.004,-0.001,-0.002,,0.009,0.003,-0.001,0,-0.002,0.001,427.5,
0.031,0.009,0.003,0.003,-0.002,-0.002,,0.009,0.003,-0.001,-0.001,-0.002,0,428,
0.031,0.009,0.003,0.003,-0.003,-0.003,,0.009,0.002,-0.002,-0.001,-0.003,0,428.5,
0.032,0.009,0.002,0.002,-0.003,-0.004,,0.009,0.002,-0.002,-0.002,-0.003,-0.001,429,
0.032,0.008,0.002,0.002,-0.003,-0.004,,0.009,0.002,-0.003,-0.002,-0.004,-0.001,429.5,
0.033,0.008,0.001,0.001,-0.004,-0.005,,0.009,0.002,-0.003,-0.003,-0.004,-0.002,430,
0.033,0.008,0.001,0.001,-0.004,-0.005,,0.009,0.001,-0.003,-0.003,-0.004,-0.002,430.5,
0.034,0.008,0.001,0,-0.005,-0.005,,0.009,0.001,-0.004,-0.003,-0.005,-0.002,431,
0.035,0.008,0.001,0,-0.005,-0.005,,0.009,0.001,-0.004,-0.003,-0.005,-0.003,431.5,
0.036,0.008,0,0,-0.005,-0.006,,0.009,0.001,-0.004,-0.003,-0.005,-0.003,432,
0.037,0.009,0,0,-0.005,-0.006,,0.009,0.001,-0.004,-0.003,-0.005,-0.003,432.5,
0.039,0.009,0,0,-0.005,-0.006,,0.009,0.001,-0.004,-0.003,-0.005,-0.003,433,
0.04,0.009,0,0,-0.006,-0.006,,0.01,0.001,-0.004,-0.003,-0.005,-0.003,433.5,
0.041,0.009,0,0,-0.006,-0.006,,0.01,0.001,-0.004,-0.004,-0.005,-0.004,434,
0.042,0.009,0,-0.001,-0.006,-0.006,,0.01,0.001,-0.004,-0.004,-0.006,-0.004,434.5,
0.044,0.01,0,-0.001,-0.006,-0.006,,0.01,0.001,-0.004,-0.004,-0.006,-0.004,435,
0.045,0.01,0,-0.001,-0.006,-0.007,,0.011,0.001,-0.004,-0.004,-0.006,-0.004,435.5,
0.047,0.01,0,-0.001,-0.006,-0.007,,0.011,0.002,-0.004,-0.004,-0.006,-0.004,436,
0.048,0.011,0,-0.001,-0.006,-0.007,,0.012,0.002,-0.004,-0.004,-0.006,-0.004,436.5,
0.05,0.011,0,-0.001,-0.006,-0.007,,0.012,0.002,-0.004,-0.005,-0.006,-0.004,437,
0.052,0.012,0,-0.001,-0.006,-0.007,,0.013,0.002,-0.004,-0.004,-0.006,-0.004,437.5,
0.054,0.012,0,-0.001,-0.006,-0.007,,0.013,0.002,-0.004,-0.005,-0.006,-0.004,438,
0.056,0.013,0,-0.001,-0.006,-0.007,,0.014,0.002,-0.004,-0.004,-0.006,-0.004,438.5,
0.058,0.013,0,-0.001,-0.006,-0.007,,0.014,0.003,-0.004,-0.005,-0.006,-0.004,439,
0.06,0.014,0.001,-0.001,-0.006,-0.007,,0.015,0.003,-0.004,-0.004,-0.006,-0.004,439.5,
0.062,0.014,0.001,-0.001,-0.006,-0.007,,0.015,0.003,-0.004,-0.005,-0.006,-0.004,440,
0.065,0.015,0.001,-0.001,-0.006,-0.007,,0.016,0.003,-0.004,-0.004,-0.006,-0.005,440.5,
0.067,0.016,0.001,-0.001,-0.006,-0.007,,0.016,0.003,-0.004,-0.004,-0.006,-0.005,441,
0.07,0.017,0.001,-0.001,-0.006,-0.007,,0.017,0.004,-0.004,-0.004,-0.006,-0.005,441.5,
0.072,0.017,0.001,-0.001,-0.006,-0.007,,0.018,0.004,-0.004,-0.004,-0.006,-0.005,442,
0.075,0.018,0.001,-0.001,-0.006,-0.007,,0.018,0.004,-0.004,-0.004,-0.006,-0.005,442.5,
0.078,0.019,0.001,-0.001,-0.006,-0.007,,0.019,0.005,-0.004,-0.004,-0.006,-0.004,443,
0.081,0.019,0.001,-0.001,-0.006,-0.007,,0.02,0.005,-0.004,-0.004,-0.006,-0.004,443.5,
0.084,0.02,0.001,-0.001,-0.006,-0.007,,0.021,0.005,-0.004,-0.004,-0.006,-0.005,444,
0.087,0.021,0.002,-0.001,-0.006,-0.007,,0.022,0.005,-0.004,-0.004,-0.006,-0.005,444.5,
0.09,0.022,0.002,-0.001,-0.006,-0.007,,0.023,0.006,-0.003,-0.004,-0.006,-0.004,445,
0.094,0.023,0.002,0,-0.006,-0.007,,0.024,0.006,-0.003,-0.004,-0.006,-0.004,445.5,
0.097,0.024,0.002,0,-0.006,-0.007,,0.025,0.007,-0.003,-0.004,-0.006,-0.004,446,
0.101,0.024,0.003,0,-0.006,-0.007,,0.026,0.007,-0.003,-0.004,-0.005,-0.004,446.5,
0.104,0.025,0.003,0,-0.006,-0.007,,0.027,0.007,-0.003,-0.004,-0.006,-0.004,447,
0.108,0.026,0.003,0,-0.006,-0.007,,0.028,0.008,-0.003,-0.004,-0.005,-0.004,447.5,
0.112,0.027,0.003,0,-0.006,-0.007,,0.029,0.008,-0.003,-0.004,-0.005,-0.004,448,
0.116,0.028,0.004,0,-0.006,-0.007,,0.03,0.009,-0.003,-0.004,-0.005,-0.004,448.5,
0.121,0.029,0.004,0,-0.006,-0.007,,0.032,0.009,-0.002,-0.004,-0.006,-0.004,449,
0.125,0.03,0.004,0,-0.006,-0.007,,0.033,0.009,-0.002,-0.004,-0.005,-0.004,449.5,
0.129,0.031,0.004,0,-0.006,-0.006,,0.034,0.01,-0.002,-0.004,-0.005,-0.004,450,
0.134,0.032,0.005,0.001,-0.005,-0.006,,0.035,0.01,-0.002,-0.004,-0.005,-0.004,450.5,
0.139,0.033,0.005,0.001,-0.005,-0.006,,0.037,0.011,-0.002,-0.004,-0.005,-0.004,451,
0.144,0.035,0.005,0.001,-0.005,-0.006,,0.038,0.011,-0.002,-0.003,-0.005,-0.004,451.5,
0.149,0.036,0.005,0.001,-0.005,-0.007,,0.04,0.012,-0.002,-0.004,-0.005,-0.004,452,
0.154,0.037,0.006,0.001,-0.005,-0.006,,0.041,0.012,-0.001,-0.003,-0.005,-0.004,452.5,
0.16,0.038,0.006,0.001,-0.005,-0.006,,0.043,0.013,-0.001,-0.003,-0.005,-0.004,453,
0.166,0.04,0.006,0.001,-0.005,-0.006,,0.045,0.013,-0.001,-0.003,-0.005,-0.004,453.5,
0.171,0.041,0.007,0.001,-0.005,-0.006,,0.046,0.014,-0.001,-0.003,-0.005,-0.004,454,
0.177,0.042,0.007,0.001,-0.005,-0.006,,0.048,0.014,-0.001,-0.003,-0.005,-0.004,454.5,
0.183,0.044,0.007,0.002,-0.005,-0.006,,0.05,0.015,0,-0.003,-0.005,-0.004,455,
0.19,0.045,0.008,0.002,-0.004,-0.006,,0.052,0.016,0,-0.003,-0.005,-0.003,455.5,
0.196,0.047,0.008,0.002,-0.005,-0.006,,0.054,0.016,0,-0.003,-0.005,-0.004,456,
0.202,0.048,0.008,0.002,-0.005,-0.006,,0.056,0.017,0,-0.003,-0.005,-0.004,456.5,
0.209,0.05,0.008,0.002,-0.004,-0.006,,0.058,0.017,0,-0.003,-0.005,-0.004,457,
0.216,0.051,0.009,0.002,-0.004,-0.006,,0.061,0.018,0,-0.003,-0.005,-0.003,457.5,
0.223,0.053,0.009,0.002,-0.004,-0.006,,0.063,0.019,0,-0.003,-0.005,-0.003,458,
0.23,0.054,0.009,0.002,-0.004,-0.006,,0.065,0.019,0,-0.003,-0.005,-0.003,458.5,
0.237,0.056,0.01,0.002,-0.004,-0.006,,0.068,0.02,0.001,-0.003,-0.005,-0.003,459,
0.244,0.058,0.01,0.003,-0.004,-0.006,,0.07,0.021,0.001,-0.002,-0.005,-0.003,459.5,
0.252,0.059,0.011,0.003,-0.004,-0.006,,0.073,0.022,0.001,-0.002,-0.004,-0.003,460,
0.259,0.061,0.011,0.003,-0.004,-0.006,,0.075,0.022,0.001,-0.002,-0.005,-0.003,460.5,
0.267,0.063,0.011,0.003,-0.004,-0.006,,0.078,0.023,0.001,-0.002,-0.005,-0.003,461,
0.274,0.064,0.011,0.003,-0.004,-0.006,,0.081,0.024,0.001,-0.002,-0.005,-0.003,461.5,
0.282,0.066,0.012,0.003,-0.004,-0.006,,0.084,0.025,0.001,-0.002,-0.004,-0.003,462,
0.29,0.068,0.012,0.003,-0.004,-0.006,,0.087,0.025,0.001,-0.002,-0.004,-0.003,462.5,
0.298,0.069,0.012,0.003,-0.004,-0.006,,0.09,0.026,0.002,-0.002,-0.004,-0.003,463,
0.306,0.071,0.013,0.004,-0.003,-0.006,,0.093,0.027,0.002,-0.002,-0.004,-0.003,463.5,
0.314,0.073,0.013,0.004,-0.003,-0.006,,0.096,0.028,0.002,-0.002,-0.004,-0.003,464,
0.323,0.075,0.013,0.004,-0.003,-0.006,,0.099,0.029,0.002,-0.002,-0.004,-0.003,464.5,
0.331,0.077,0.014,0.004,-0.003,-0.006,,0.102,0.029,0.002,-0.002,-0.004,-0.003,465,
0.339,0.078,0.014,0.004,-0.003,-0.006,,0.106,0.03,0.002,-0.002,-0.004,-0.003,465.5,
0.347,0.08,0.015,0.004,-0.003,-0.006,,0.109,0.031,0.002,-0.002,-0.004,-0.003,466,
0.355,0.082,0.015,0.004,-0.003,-0.006,,0.112,0.032,0.002,-0.002,-0.004,-0.003,466.5,
0.363,0.083,0.015,0.004,-0.003,-0.006,,0.115,0.033,0.002,-0.002,-0.004,-0.003,467,
0.371,0.085,0.016,0.004,-0.003,-0.006,,0.119,0.034,0.003,-0.001,-0.004,-0.003,467.5,
0.379,0.087,0.016,0.005,-0.003,-0.006,,0.123,0.034,0.003,-0.001,-0.004,-0.003,468,
0.387,0.088,0.016,0.005,-0.003,-0.006,,0.126,0.035,0.003,-0.002,-0.004,-0.003,468.5,
0.395,0.09,0.016,0.005,-0.003,-0.006,,0.13,0.036,0.003,-0.002,-0.004,-0.003,469,
0.402,0.092,0.017,0.005,-0.003,-0.006,,0.134,0.037,0.003,-0.002,-0.004,-0.003,469.5,
0.41,0.093,0.017,0.005,-0.003,-0.006,,0.137,0.037,0.003,-0.002,-0.004,-0.003,470,
0.418,0.094,0.017,0.005,-0.003,-0.006,,0.141,0.038,0.003,-0.002,-0.004,-0.003,470.5,
0.425,0.096,0.017,0.005,-0.003,-0.006,,0.144,0.039,0.003,-0.002,-0.004,-0.003,471,
0.432,0.098,0.018,0.005,-0.003,-0.006,,0.148,0.04,0.003,-0.002,-0.004,-0.003,471.5,
0.439,0.099,0.018,0.005,-0.003,-0.006,,0.152,0.04,0.003,-0.002,-0.004,-0.003,472,
0.445,0.1,0.018,0.005,-0.003,-0.006,,0.155,0.041,0.003,-0.002,-0.004,-0.003,472.5,
0.451,0.101,0.018,0.005,-0.003,-0.006,,0.159,0.042,0.004,-0.001,-0.004,-0.003,473,
0.457,0.103,0.018,0.005,-0.003,-0.005,,0.162,0.042,0.004,-0.001,-0.004,-0.003,473.5,
0.463,0.104,0.019,0.005,-0.003,-0.005,,0.166,0.043,0.004,-0.001,-0.004,-0.003,474,
0.468,0.105,0.019,0.005,-0.003,-0.005,,0.169,0.043,0.004,-0.001,-0.004,-0.003,474.5,
0.473,0.106,0.019,0.005,-0.003,-0.005,,0.172,0.044,0.004,-0.002,-0.004,-0.003,475,
0.478,0.107,0.019,0.005,-0.003,-0.005,,0.175,0.044,0.004,-0.002,-0.004,-0.002,475.5,
0.482,0.107,0.019,0.005,-0.003,-0.005,,0.178,0.045,0.004,-0.002,-0.004,-0.002,476,
0.485,0.108,0.019,0.005,-0.003,-0.005,,0.181,0.045,0.004,-0.002,-0.004,-0.002,476.5,
0.489,0.109,0.019,0.005,-0.003,-0.005,,0.183,0.046,0.004,-0.002,-0.004,-0.002,477,
0.491,0.109,0.019,0.005,-0.003,-0.005,,0.186,0.046,0.004,-0.002,-0.004,-0.002,477.5,
0.494,0.109,0.019,0.005,-0.003,-0.005,,0.188,0.046,0.004,-0.002,-0.004,-0.002,478,
0.496,0.109,0.019,0.005,-0.003,-0.005,,0.19,0.047,0.004,-0.002,-0.004,-0.002,478.5,
0.497,0.11,0.019,0.005,-0.003,-0.006,,0.192,0.047,0.004,-0.002,-0.004,-0.002,479,
0.497,0.11,0.019,0.005,-0.003,-0.006,,0.193,0.047,0.004,-0.002,-0.005,-0.002,479.5,
0.498,0.11,0.019,0.005,-0.003,-0.005,,0.195,0.047,0.004,-0.002,-0.004,-0.002,480,
0.498,0.11,0.019,0.005,-0.003,-0.005,,0.197,0.047,0.004,-0.002,-0.004,-0.002,480.5,
0.497,0.109,0.019,0.005,-0.003,-0.005,,0.198,0.047,0.004,-0.002,-0.004,-0.002,481,
0.496,0.109,0.019,0.005,-0.003,-0.005,,0.198,0.047,0.004,-0.002,-0.005,-0.002,481.5,
0.494,0.108,0.019,0.005,-0.003,-0.006,,0.199,0.047,0.004,-0.002,-0.005,-0.002,482,
0.492,0.108,0.019,0.005,-0.003,-0.006,,0.2,0.047,0.004,-0.002,-0.004,-0.002,482.5,
0.489,0.107,0.019,0.005,-0.003,-0.006,,0.2,0.046,0.004,-0.002,-0.004,-0.002,483,
0.486,0.106,0.018,0.005,-0.003,-0.006,,0.2,0.046,0.003,-0.002,-0.004,-0.002,483.5,
0.483,0.105,0.018,0.005,-0.003,-0.006,,0.2,0.046,0.003,-0.003,-0.005,-0.002,484,
0.479,0.104,0.018,0.004,-0.003,-0.006,,0.2,0.046,0.003,-0.003,-0.005,-0.002,484.5,
0.474,0.103,0.018,0.004,-0.003,-0.006,,0.2,0.045,0.003,-0.003,-0.005,-0.003,485,
0.47,0.102,0.017,0.004,-0.004,-0.006,,0.199,0.045,0.003,-0.003,-0.005,-0.003,485.5,
0.465,0.101,0.017,0.004,-0.004,-0.006,,0.198,0.044,0.003,-0.003,-0.005,-0.003,486,
0.459,0.099,0.017,0.004,-0.004,-0.006,,0.197,0.044,0.003,-0.003,-0.005,-0.003,486.5,
0.453,0.098,0.016,0.004,-0.004,-0.006,,0.196,0.043,0.002,-0.003,-0.005,-0.003,487,
0.446,0.096,0.016,0.004,-0.004,-0.006,,0.194,0.043,0.002,-0.003,-0.005,-0.003,487.5,
0.44,0.095,0.016,0.003,-0.004,-0.006,,0.193,0.042,0.002,-0.003,-0.005,-0.003,488,
0.433,0.093,0.015,0.003,-0.004,-0.006,,0.191,0.041,0.002,-0.003,-0.005,-0.003,488.5,
0.425,0.091,0.015,0.003,-0.004,-0.006,,0.189,0.041,0.002,-0.003,-0.005,-0.003,489,
0.418,0.089,0.014,0.003,-0.004,-0.006,,0.187,0.04,0.001,-0.003,-0.005,-0.004,489.5,
0.41,0.088,0.014,0.003,-0.004,-0.006,,0.185,0.039,0.001,-0.004,-0.005,-0.004,490,
0.401,0.086,0.013,0.003,-0.004,-0.006,,0.183,0.039,0.001,-0.004,-0.005,-0.004,490.5,
0.393,0.084,0.013,0.002,-0.004,-0.006,,0.18,0.038,0.001,-0.004,-0.005,-0.004,491,
0.384,0.082,0.013,0.002,-0.005,-0.006,,0.177,0.037,0.001,-0.004,-0.005,-0.004,491.5,
0.375,0.08,0.012,0.002,-0.005,-0.007,,0.174,0.036,0.001,-0.004,-0.005,-0.004,492,
0.366,0.078,0.012,0.002,-0.005,-0.007,,0.171,0.035,0,-0.004,-0.005,-0.005,492.5,
0.356,0.075,0.011,0.001,-0.005,-0.007,,0.168,0.034,0,-0.004,-0.006,-0.005,493,
0.346,0.073,0.011,0.001,-0.005,-0.007,,0.164,0.033,0,-0.004,-0.006,-0.005,493.5,
0.336,0.071,0.01,0.001,-0.005,-0.007,,0.16,0.032,0,-0.004,-0.006,-0.005,494,
0.325,0.068,0.01,0.001,-0.005,-0.007,,0.157,0.031,0,-0.004,-0.005,-0.005,494.5,
0.315,0.066,0.009,0.001,-0.005,-0.007,,0.153,0.03,-0.001,-0.004,-0.006,-0.005,495,
0.304,0.064,0.009,0.001,-0.005,-0.007,,0.148,0.029,-0.001,-0.004,-0.006,-0.005,495.5,
0.293,0.061,0.008,0,-0.005,-0.007,,0.144,0.028,-0.001,-0.005,-0.006,-0.005,496,
0.282,0.059,0.008,0,-0.005,-0.007,,0.139,0.027,-0.001,-0.005,-0.006,-0.005,496.5,
0.271,0.056,0.007,0,-0.005,-0.007,,0.135,0.026,-0.002,-0.005,-0.006,-0.005,497,
0.26,0.054,0.007,0,-0.005,-0.007,,0.13,0.024,-0.002,-0.005,-0.006,-0.005,497.5,
0.248,0.051,0.006,0,-0.005,-0.007,,0.125,0.023,-0.002,-0.005,-0.006,-0.005,498,
0.237,0.048,0.005,-0.001,-0.006,-0.007,,0.12,0.022,-0.002,-0.005,-0.006,-0.005,498.5,
0.226,0.046,0.005,-0.001,-0.006,-0.007,,0.115,0.021,-0.002,-0.005,-0.006,-0.005,499,
0.214,0.043,0.004,-0.001,-0.006,-0.007,,0.109,0.019,-0.003,-0.005,-0.006,-0.005,499.5,
0.203,0.041,0.004,-0.001,-0.006,-0.007,,0.104,0.018,-0.003,-0.005,-0.006,-0.005,500,
0.191,0.038,0.003,-0.001,-0.006,-0.007,,0.098,0.017,-0.003,-0.005,-0.006,-0.005,500.5,
0.181,0.036,0.003,-0.001,-0.006,-0.007,,0.093,0.016,-0.003,-0.005,-0.006,-0.005,501,
0.17,0.033,0.002,-0.002,-0.006,-0.007,,0.088,0.014,-0.003,-0.005,-0.006,-0.005,501.5,
0.159,0.031,0.002,-0.002,-0.006,-0.007,,0.083,0.013,-0.004,-0.005,-0.006,-0.005,502,
0.148,0.028,0.001,-0.002,-0.006,-0.007,,0.077,0.012,-0.004,-0.006,-0.006,-0.005,502.5,
0.138,0.026,0.001,-0.002,-0.006,-0.007,,0.072,0.011,-0.004,-0.005,-0.006,-0.005,503,
0.128,0.024,0,-0.002,-0.006,-0.007,,0.067,0.01,-0.004,-0.006,-0.006,-0.005,503.5,
0.118,0.022,0,-0.003,-0.007,-0.007,,0.061,0.008,-0.005,-0.006,-0.006,-0.005,504,
0.108,0.019,-0.001,-0.003,-0.007,-0.007,,0.056,0.007,-0.005,-0.006,-0.006,-0.005,504.5,
0.099,0.017,-0.001,-0.003,-0.007,-0.007,,0.052,0.006,-0.005,-0.006,-0.006,-0.005,505,
0.091,0.016,-0.001,-0.003,-0.007,-0.007,,0.047,0.005,-0.005,-0.006,-0.006,-0.005,505.5,
0.083,0.014,-0.002,-0.003,-0.007,-0.007,,0.043,0.004,-0.005,-0.006,-0.006,-0.005,506,
0.075,0.012,-0.002,-0.003,-0.007,-0.007,,0.039,0.004,-0.006,-0.006,-0.006,-0.006,506.5,
0.068,0.01,-0.003,-0.003,-0.007,-0.007,,0.034,0.003,-0.006,-0.006,-0.007,-0.006,507,
0.061,0.009,-0.003,-0.004,-0.007,-0.007,,0.031,0.002,-0.006,-0.006,-0.007,-0.006,507.5,
0.054,0.007,-0.003,-0.004,-0.007,-0.007,,0.027,0.001,-0.006,-0.006,-0.007,-0.006,508,
0.048,0.006,-0.004,-0.004,-0.007,-0.007,,0.024,0,-0.006,-0.006,-0.007,-0.006,508.5,
0.043,0.004,-0.004,-0.004,-0.007,-0.008,,0.021,0,-0.006,-0.006,-0.007,-0.006,509,
0.038,0.004,-0.004,-0.004,-0.007,-0.007,,0.018,-0.001,-0.006,-0.006,-0.007,-0.006,509.5,
0.034,0.003,-0.004,-0.004,-0.007,-0.007,,0.016,-0.001,-0.006,-0.006,-0.007,-0.006,510,
0.029,0.002,-0.004,-0.004,-0.007,-0.007,,0.013,-0.002,-0.007,-0.007,-0.007,-0.006,510.5,
0.025,0.001,-0.005,-0.004,-0.007,-0.007,,0.011,-0.002,-0.007,-0.007,-0.007,-0.006,511,
0.022,0,-0.005,-0.004,-0.007,-0.007,,0.009,-0.003,-0.007,-0.006,-0.007,-0.006,511.5,
0.019,-0.001,-0.005,-0.004,-0.007,-0.007,,0.007,-0.003,-0.007,-0.007,-0.007,-0.006,512,
0.016,-0.001,-0.005,-0.004,-0.007,-0.007,,0.006,-0.003,-0.007,-0.007,-0.007,-0.006,512.5,
0.013,-0.002,-0.005,-0.004,-0.007,-0.007,,0.005,-0.004,-0.007,-0.007,-0.007,-0.006,513,
0.011,-0.003,-0.005,-0.004,-0.007,-0.007,,0.003,-0.004,-0.007,-0.006,-0.007,-0.006,513.5,
0.009,-0.003,-0.005,-0.005,-0.007,-0.007,,0.002,-0.004,-0.007,-0.007,-0.007,-0.006,514,
0.007,-0.004,-0.005,-0.005,-0.007,-0.007,,0.001,-0.005,-0.007,-0.007,-0.007,-0.006,514.5,
0.006,-0.004,-0.005,-0.005,-0.007,-0.007,,0,-0.005,-0.007,-0.007,-0.007,-0.006,515,
0.005,-0.004,-0.006,-0.005,-0.007,-0.007,,0,-0.005,-0.007,-0.007,-0.007,-0.006,515.5,
0.003,-0.004,-0.006,-0.005,-0.007,-0.007,,-0.001,-0.005,-0.007,-0.007,-0.007,-0.006,516,
0.002,-0.005,-0.006,-0.005,-0.007,-0.007,,-0.002,-0.005,-0.007,-0.007,-0.007,-0.006,516.5,
0.002,-0.005,-0.006,-0.005,-0.007,-0.007,,-0.002,-0.005,-0.007,-0.007,-0.007,-0.006,517,
0.001,-0.005,-0.006,-0.005,-0.007,-0.007,,-0.003,-0.006,-0.007,-0.007,-0.007,-0.006,517.5,
0,-0.005,-0.006,-0.005,-0.007,-0.007,,-0.003,-0.006,-0.007,-0.007,-0.007,-0.006,518,
-0.001,-0.006,-0.006,-0.005,-0.007,-0.007,,-0.004,-0.006,-0.007,-0.007,-0.007,-0.006,518.5,
-0.001,-0.006,-0.006,-0.005,-0.007,-0.007,,-0.004,-0.006,-0.007,-0.007,-0.007,-0.006,519,
-0.002,-0.006,-0.006,-0.005,-0.007,-0.007,,-0.004,-0.006,-0.007,-0.007,-0.007,-0.006,519.5,
-0.002,-0.006,-0.006,-0.005,-0.008,-0.008,,-0.005,-0.006,-0.007,-0.007,-0.007,-0.006,520,
-0.003,-0.006,-0.006,-0.005,-0.007,-0.007,,-0.005,-0.006,-0.007,-0.007,-0.007,-0.006,520.5,
-0.003,-0.006,-0.006,-0.005,-0.007,-0.008,,-0.005,-0.006,-0.007,-0.007,-0.007,-0.006,521,
-0.003,-0.006,-0.006,-0.005,-0.007,-0.007,,-0.005,-0.006,-0.007,-0.007,-0.007,-0.006,521.5,
-0.004,-0.006,-0.006,-0.005,-0.007,-0.007,,-0.005,-0.006,-0.007,-0.007,-0.007,-0.006,522,
-0.004,-0.006,-0.006,-0.005,-0.007,-0.007,,-0.005,-0.006,-0.007,-0.007,-0.007,-0.006,522.5,
-0.004,-0.006,-0.006,-0.005,-0.007,-0.007,,-0.005,-0.006,-0.007,-0.007,-0.007,-0.006,523,
-0.004,-0.006,-0.006,-0.005,-0.007,-0.007,,-0.005,-0.006,-0.007,-0.007,-0.007,-0.006,523.5,
-0.004,-0.006,-0.006,-0.005,-0.007,-0.007,,-0.006,-0.006,-0.007,-0.007,-0.007,-0.006,524,
-0.004,-0.006,-0.006,-0.005,-0.007,-0.007,,-0.006,-0.006,-0.007,-0.007,-0.007,-0.006,524.5,
-0.004,-0.006,-0.006,-0.005,-0.007,-0.007,,-0.006,-0.006,-0.007,-0.007,-0.007,-0.006,525,
-0.005,-0.006,-0.006,-0.005,-0.007,-0.007,,-0.006,-0.006,-0.007,-0.007,-0.007,-0.006,525.5,
-0.005,-0.006,-0.006,-0.005,-0.007,-0.007,,-0.006,-0.006,-0.007,-0.007,-0.007,-0.005,526,
-0.005,-0.006,-0.006,-0.005,-0.007,-0.007,,-0.006,-0.006,-0.007,-0.006,-0.007,-0.005,526.5,
-0.005,-0.006,-0.006,-0.005,-0.007,-0.007,,-0.006,-0.006,-0.007,-0.006,-0.007,-0.005,527,
-0.005,-0.006,-0.006,-0.005,-0.007,-0.007,,-0.006,-0.006,-0.007,-0.007,-0.007,-0.005,527.5,
-0.005,-0.006,-0.006,-0.005,-0.007,-0.007,,-0.006,-0.006,-0.007,-0.007,-0.007,-0.005,528,
-0.005,-0.006,-0.006,-0.005,-0.007,-0.007,,-0.006,-0.006,-0.007,-0.007,-0.007,-0.005,528.5,
-0.005,-0.006,-0.006,-0.005,-0.007,-0.007,,-0.006,-0.006,-0.007,-0.006,-0.007,-0.005,529,
-0.005,-0.006,-0.006,-0.005,-0.007,-0.007,,-0.006,-0.006,-0.007,-0.006,-0.007,-0.005,529.5,
-0.005,-0.006,-0.006,-0.005,-0.007,-0.007,,-0.006,-0.006,-0.007,-0.006,-0.007,-0.005,530,
-0.005,-0.006,-0.006,-0.005,-0.007,-0.007,,-0.006,-0.006,-0.007,-0.006,-0.007,-0.005,530.5,
-0.005,-0.006,-0.006,-0.005,-0.007,-0.007,,-0.006,-0.006,-0.007,-0.006,-0.007,-0.005,531,
-0.005,-0.006,-0.006,-0.005,-0.007,-0.007,,-0.006,-0.006,-0.007,-0.006,-0.007,-0.005,531.5,
-0.005,-0.006,-0.006,-0.005,-0.007,-0.007,,-0.006,-0.006,-0.007,-0.006,-0.007,-0.005,532,
-0.005,-0.006,-0.006,-0.005,-0.007,-0.007,,-0.006,-0.006,-0.007,-0.006,-0.006,-0.005,532.5,
-0.005,-0.006,-0.006,-0.005,-0.007,-0.007,,-0.006,-0.006,-0.007,-0.006,-0.006,-0.005,533,
-0.005,-0.006,-0.006,-0.005,-0.007,-0.007,,-0.006,-0.006,-0.007,-0.006,-0.006,-0.005,533.5,
-0.005,-0.006,-0.006,-0.005,-0.007,-0.007,,-0.006,-0.006,-0.007,-0.006,-0.006,-0.005,534,
-0.005,-0.006,-0.006,-0.005,-0.007,-0.007,,-0.006,-0.006,-0.007,-0.006,-0.006,-0.004,534.5,
-0.005,-0.006,-0.006,-0.005,-0.007,-0.007,,-0.006,-0.006,-0.007,-0.006,-0.006,-0.004,535,
-0.005,-0.006,-0.006,-0.005,-0.007,-0.007,,-0.006,-0.006,-0.007,-0.006,-0.006,-0.004,535.5,
-0.005,-0.007,-0.006,-0.005,-0.007,-0.007,,-0.007,-0.006,-0.007,-0.006,-0.006,-0.004,536,
-0.005,-0.007,-0.006,-0.005,-0.007,-0.007,,-0.007,-0.006,-0.007,-0.006,-0.006,-0.005,536.5,
-0.005,-0.007,-0.006,-0.005,-0.007,-0.007,,-0.007,-0.006,-0.007,-0.006,-0.006,-0.005,537,
-0.005,-0.007,-0.006,-0.005,-0.007,-0.007,,-0.007,-0.006,-0.007,-0.006,-0.006,-0.005,537.5,
-0.005,-0.007,-0.006,-0.005,-0.007,-0.007,,-0.007,-0.006,-0.007,-0.006,-0.006,-0.005,538,
-0.006,-0.007,-0.006,-0.005,-0.007,-0.007,,-0.007,-0.006,-0.007,-0.006,-0.006,-0.005,538.5,
-0.005,-0.006,-0.006,-0.005,-0.007,-0.007,,-0.007,-0.006,-0.007,-0.006,-0.006,-0.005,539,
-0.005,-0.006,-0.006,-0.005,-0.007,-0.007,,-0.007,-0.006,-0.007,-0.006,-0.006,-0.005,539.5,
-0.005,-0.006,-0.006,-0.005,-0.007,-0.007,,-0.007,-0.006,-0.007,-0.006,-0.006,-0.005,540,
-0.006,-0.007,-0.006,-0.005,-0.007,-0.007,,-0.007,-0.006,-0.007,-0.006,-0.006,-0.005,540.5,
-0.006,-0.007,-0.006,-0.005,-0.007,-0.007,,-0.007,-0.006,-0.007,-0.006,-0.006,-0.005,541,
-0.006,-0.007,-0.006,-0.005,-0.007,-0.007,,-0.007,-0.006,-0.007,-0.006,-0.006,-0.005,541.5,
-0.006,-0.007,-0.006,-0.005,-0.007,-0.007,,-0.007,-0.006,-0.007,-0.006,-0.006,-0.005,542,
-0.006,-0.007,-0.006,-0.005,-0.007,-0.007,,-0.006,-0.006,-0.007,-0.006,-0.006,-0.005,542.5,
-0.006,-0.007,-0.006,-0.005,-0.007,-0.007,,-0.006,-0.006,-0.007,-0.006,-0.006,-0.005,543,
-0.006,-0.007,-0.006,-0.005,-0.007,-0.007,,-0.006,-0.006,-0.007,-0.006,-0.006,-0.005,543.5,
-0.006,-0.007,-0.006,-0.005,-0.007,-0.007,,-0.006,-0.006,-0.007,-0.006,-0.006,-0.006,544,
-0.006,-0.007,-0.006,-0.005,-0.007,-0.007,,-0.006,-0.006,-0.007,-0.006,-0.006,-0.006,544.5,
-0.006,-0.007,-0.006,-0.005,-0.007,-0.007,,-0.006,-0.006,-0.007,-0.006,-0.006,-0.006,545,
-0.006,-0.007,-0.006,-0.005,-0.007,-0.007,,-0.006,-0.006,-0.007,-0.005,-0.006,-0.005,545.5,
-0.006,-0.007,-0.006,-0.005,-0.007,-0.007,,-0.006,-0.006,-0.007,-0.005,-0.006,-0.006,546,
-0.006,-0.007,-0.006,-0.005,-0.007,-0.007,,-0.007,-0.006,-0.007,-0.005,-0.006,-0.006,546.5,
-0.006,-0.007,-0.006,-0.005,-0.007,-0.007,,-0.007,-0.006,-0.007,-0.005,-0.006,-0.006,547,
-0.006,-0.007,-0.006,-0.005,-0.007,-0.007,,-0.007,-0.006,-0.007,-0.005,-0.006,-0.006,547.5,
-0.006,-0.007,-0.006,-0.005,-0.007,-0.007,,-0.007,-0.006,-0.007,-0.005,-0.006,-0.006,548,
-0.006,-0.007,-0.006,-0.005,-0.007,-0.007,,-0.007,-0.006,-0.007,-0.005,-0.006,-0.006,548.5,
-0.006,-0.006,-0.006,-0.005,-0.007,-0.007,,-0.007,-0.006,-0.007,-0.005,-0.006,-0.006,549,
-0.005,-0.006,-0.006,-0.005,-0.007,-0.007,,-0.007,-0.006,-0.007,-0.005,-0.006,-0.006,549.5,
-0.006,-0.007,-0.006,-0.005,-0.007,-0.007,,-0.007,-0.006,-0.007,-0.006,-0.006,-0.006,550,
-0.006,-0.007,-0.006,-0.005,-0.007,-0.007,,-0.007,-0.006,-0.007,-0.006,-0.006,-0.006,550.5,
-0.006,-0.006,-0.006,-0.005,-0.007,-0.007,,-0.007,-0.006,-0.007,-0.006,-0.006,-0.006,551,
-0.006,-0.006,-0.006,-0.005,-0.007,-0.007,,-0.007,-0.006,-0.007,-0.006,-0.006,-0.006,551.5,
-0.006,-0.006,-0.006,-0.005,-0.007,-0.007,,-0.007,-0.006,-0.007,-0.006,-0.006,-0.005,552,
-0.006,-0.006,-0.006,-0.005,-0.007,-0.007,,-0.007,-0.006,-0.007,-0.006,-0.006,-0.005,552.5,
-0.006,-0.006,-0.006,-0.005,-0.007,-0.007,,-0.007,-0.006,-0.007,-0.006,-0.006,-0.005,553,
-0.006,-0.006,-0.006,-0.005,-0.007,-0.007,,-0.007,-0.006,-0.007,-0.006,-0.006,-0.005,553.5,
-0.006,-0.007,-0.006,-0.005,-0.007,-0.007,,-0.007,-0.006,-0.007,-0.006,-0.006,-0.005,554,
-0.006,-0.007,-0.006,-0.005,-0.007,-0.007,,-0.007,-0.006,-0.007,-0.006,-0.006,-0.005,554.5,
-0.006,-0.006,-0.006,-0.005,-0.007,-0.007,,-0.007,-0.006,-0.007,-0.006,-0.006,-0.005,555,
-0.006,-0.007,-0.006,-0.005,-0.007,-0.007,,-0.007,-0.006,-0.007,-0.006,-0.006,-0.005,555.5,
-0.006,-0.007,-0.006,-0.005,-0.007,-0.007,,-0.007,-0.006,-0.007,-0.006,-0.006,-0.005,556,
-0.006,-0.006,-0.006,-0.005,-0.007,-0.007,,-0.007,-0.006,-0.007,-0.006,-0.006,-0.005,556.5,
-0.006,-0.006,-0.006,-0.005,-0.007,-0.007,,-0.007,-0.006,-0.007,-0.006,-0.006,-0.005,557,
-0.006,-0.006,-0.006,-0.005,-0.007,-0.007,,-0.007,-0.006,-0.007,-0.006,-0.006,-0.005,557.5,
-0.006,-0.006,-0.006,-0.005,-0.007,-0.007,,-0.007,-0.006,-0.007,-0.006,-0.006,-0.005,558,
-0.006,-0.006,-0.006,-0.005,-0.007,-0.007,,-0.007,-0.006,-0.007,-0.006,-0.006,-0.006,558.5,
-0.006,-0.006,-0.006,-0.005,-0.007,-0.007,,-0.007,-0.006,-0.007,-0.006,-0.006,-0.006,559,
-0.006,-0.006,-0.006,-0.005,-0.007,-0.007,,-0.007,-0.006,-0.007,-0.006,-0.006,-0.006,559.5,
-0.006,-0.006,-0.006,-0.005,-0.007,-0.007,,-0.007,-0.006,-0.007,-0.006,-0.006,-0.006,560,
-0.006,-0.006,-0.006,-0.005,-0.007,-0.007,,-0.007,-0.006,-0.007,-0.006,-0.006,-0.006,560.5,
-0.006,-0.006,-0.006,-0.005,-0.007,-0.007,,-0.007,-0.006,-0.007,-0.006,-0.006,-0.005,561,
-0.006,-0.006,-0.006,-0.005,-0.007,-0.007,,-0.007,-0.006,-0.007,-0.006,-0.006,-0.005,561.5,
-0.006,-0.006,-0.006,-0.005,-0.007,-0.007,,-0.007,-0.006,-0.007,-0.006,-0.006,-0.005,562,
-0.006,-0.006,-0.006,-0.005,-0.007,-0.007,,-0.007,-0.006,-0.007,-0.006,-0.006,-0.005,562.5,
-0.006,-0.006,-0.006,-0.005,-0.007,-0.007,,-0.007,-0.006,-0.007,-0.006,-0.006,-0.005,563,
-0.005,-0.006,-0.006,-0.005,-0.007,-0.007,,-0.007,-0.006,-0.007,-0.006,-0.006,-0.005,563.5,
-0.005,-0.006,-0.006,-0.005,-0.007,-0.007,,-0.007,-0.006,-0.007,-0.006,-0.006,-0.005,564,
-0.006,-0.006,-0.006,-0.005,-0.007,-0.007,,-0.007,-0.006,-0.007,-0.006,-0.006,-0.005,564.5,
-0.006,-0.006,-0.006,-0.005,-0.007,-0.007,,-0.007,-0.006,-0.007,-0.006,-0.006,-0.005,565,
-0.006,-0.006,-0.006,-0.005,-0.007,-0.007,,-0.007,-0.006,-0.007,-0.006,-0.006,-0.005,565.5,
-0.006,-0.006,-0.006,-0.005,-0.007,-0.007,,-0.007,-0.006,-0.007,-0.006,-0.006,-0.005,566,
-0.005,-0.006,-0.006,-0.005,-0.007,-0.007,,-0.007,-0.006,-0.007,-0.006,-0.006,-0.004,566.5,
-0.005,-0.006,-0.006,-0.005,-0.007,-0.007,,-0.007,-0.006,-0.007,-0.006,-0.006,-0.004,567,
-0.006,-0.006,-0.006,-0.005,-0.007,-0.007,,-0.007,-0.006,-0.007,-0.006,-0.006,-0.005,567.5,
-0.005,-0.006,-0.006,-0.005,-0.007,-0.007,,-0.007,-0.006,-0.006,-0.006,-0.005,-0.004,568,
-0.005,-0.006,-0.006,-0.005,-0.007,-0.007,,-0.007,-0.006,-0.007,-0.006,-0.006,-0.004,568.5,
-0.005,-0.006,-0.006,-0.005,-0.007,-0.007,,-0.007,-0.006,-0.007,-0.006,-0.006,-0.005,569,
-0.005,-0.006,-0.006,-0.005,-0.007,-0.007,,-0.007,-0.006,-0.007,-0.006,-0.006,-0.005,569.5,
-0.005,-0.006,-0.006,-0.005,-0.007,-0.007,,-0.007,-0.006,-0.006,-0.006,-0.006,-0.005,570,
-0.005,-0.006,-0.006,-0.005,-0.007,-0.007,,-0.007,-0.006,-0.006,-0.006,-0.006,-0.005,570.5,
-0.005,-0.006,-0.006,-0.005,-0.007,-0.007,,-0.007,-0.006,-0.006,-0.006,-0.006,-0.005,571,
-0.005,-0.006,-0.006,-0.005,-0.007,-0.007,,-0.007,-0.006,-0.006,-0.006,-0.006,-0.005,571.5,
-0.005,-0.006,-0.006,-0.005,-0.007,-0.007,,-0.007,-0.006,-0.006,-0.006,-0.006,-0.005,572,
-0.005,-0.006,-0.006,-0.005,-0.007,-0.007,,-0.007,-0.006,-0.006,-0.006,-0.006,-0.005,572.5,
-0.005,-0.006,-0.006,-0.005,-0.007,-0.007,,-0.007,-0.006,-0.006,-0.006,-0.006,-0.005,573,
-0.005,-0.006,-0.006,-0.005,-0.007,-0.007,,-0.007,-0.006,-0.006,-0.006,-0.006,-0.005,573.5,
-0.005,-0.006,-0.006,-0.005,-0.007,-0.007,,-0.007,-0.006,-0.006,-0.006,-0.006,-0.005,574,
-0.005,-0.006,-0.006,-0.005,-0.007,-0.007,,-0.007,-0.006,-0.006,-0.006,-0.006,-0.005,574.5,
-0.005,-0.006,-0.006,-0.005,-0.007,-0.007,,-0.007,-0.006,-0.006,-0.006,-0.006,-0.005,575,
-0.006,-0.006,-0.006,-0.005,-0.007,-0.007,,-0.007,-0.006,-0.006,-0.006,-0.006,-0.005,575.5,
-0.005,-0.006,-0.006,-0.005,-0.007,-0.007,,-0.007,-0.006,-0.006,-0.005,-0.006,-0.005,576,
-0.005,-0.006,-0.006,-0.005,-0.007,-0.007,,-0.007,-0.006,-0.006,-0.005,-0.006,-0.005,576.5,
-0.006,-0.006,-0.006,-0.005,-0.007,-0.007,,-0.007,-0.006,-0.006,-0.005,-0.006,-0.005,577,
-0.006,-0.006,-0.006,-0.005,-0.007,-0.007,,-0.007,-0.006,-0.006,-0.005,-0.006,-0.005,577.5,
-0.005,-0.006,-0.006,-0.005,-0.007,-0.007,,-0.007,-0.006,-0.006,-0.005,-0.006,-0.005,578,
-0.005,-0.006,-0.006,-0.005,-0.007,-0.007,,-0.007,-0.006,-0.006,-0.005,-0.006,-0.005,578.5,
-0.005,-0.006,-0.006,-0.005,-0.007,-0.007,,-0.007,-0.006,-0.006,-0.005,-0.006,-0.005,579,
-0.005,-0.006,-0.006,-0.005,-0.007,-0.007,,-0.007,-0.006,-0.006,-0.005,-0.006,-0.005,579.5,
-0.005,-0.006,-0.006,-0.005,-0.007,-0.007,,-0.007,-0.006,-0.006,-0.005,-0.006,-0.005,580,
-0.005,-0.006,-0.006,-0.005,-0.007,-0.007,,-0.007,-0.006,-0.005,-0.005,-0.006,-0.005,580.5,
-0.005,-0.006,-0.006,-0.005,-0.007,-0.007,,-0.007,-0.006,-0.005,-0.005,-0.006,-0.005,581,
-0.005,-0.006,-0.006,-0.005,-0.007,-0.007,,-0.007,-0.006,-0.005,-0.005,-0.006,-0.005,581.5,
-0.005,-0.006,-0.006,-0.005,-0.007,-0.007,,-0.007,-0.006,-0.005,-0.005,-0.006,-0.005,582,
-0.005,-0.006,-0.006,-0.005,-0.007,-0.007,,-0.007,-0.006,-0.005,-0.005,-0.006,-0.005,582.5,
-0.005,-0.006,-0.006,-0.005,-0.007,-0.007,,-0.007,-0.006,-0.005,-0.005,-0.006,-0.005,583,
-0.006,-0.006,-0.006,-0.005,-0.007,-0.007,,-0.007,-0.006,-0.005,-0.005,-0.006,-0.005,583.5,
-0.005,-0.006,-0.006,-0.005,-0.007,-0.007,,-0.007,-0.006,-0.005,-0.005,-0.006,-0.005,584,
-0.005,-0.006,-0.006,-0.005,-0.007,-0.007,,-0.007,-0.006,-0.005,-0.005,-0.006,-0.005,584.5,
-0.005,-0.006,-0.006,-0.005,-0.007,-0.007,,-0.007,-0.006,-0.005,-0.005,-0.006,-0.005,585,
-0.005,-0.006,-0.006,-0.005,-0.007,-0.007,,-0.007,-0.006,-0.005,-0.005,-0.006,-0.005,585.5,
-0.005,-0.006,-0.006,-0.005,-0.007,-0.007,,-0.007,-0.006,-0.005,-0.005,-0.006,-0.005,586,
-0.005,-0.006,-0.006,-0.005,-0.007,-0.007,,-0.007,-0.006,-0.005,-0.005,-0.006,-0.005,586.5,
-0.005,-0.006,-0.006,-0.005,-0.007,-0.007,,-0.007,-0.006,-0.006,-0.005,-0.006,-0.005,587,
-0.006,-0.006,-0.006,-0.005,-0.007,-0.007,,-0.007,-0.006,-0.006,-0.005,-0.006,-0.005,587.5,
-0.005,-0.006,-0.006,-0.005,-0.007,-0.007,,-0.007,-0.006,-0.006,-0.005,-0.006,-0.005,588,
-0.005,-0.006,-0.006,-0.005,-0.007,-0.007,,-0.007,-0.006,-0.006,-0.005,-0.006,-0.005,588.5,
-0.005,-0.006,-0.006,-0.005,-0.007,-0.007,,-0.007,-0.006,-0.006,-0.005,-0.006,-0.005,589,
-0.005,-0.006,-0.006,-0.005,-0.007,-0.007,,-0.007,-0.006,-0.006,-0.005,-0.006,-0.005,589.5,
-0.005,-0.006,-0.006,-0.005,-0.007,-0.007,,-0.007,-0.006,-0.006,-0.005,-0.006,-0.005,590,
-0.005,-0.006,-0.006,-0.005,-0.007,-0.007,,-0.007,-0.006,-0.006,-0.005,-0.006,-0.005,590.5,
-0.005,-0.006,-0.006,-0.005,-0.007,-0.007,,-0.007,-0.006,-0.006,-0.005,-0.006,-0.005,591,
-0.005,-0.006,-0.006,-0.005,-0.007,-0.006,,-0.007,-0.006,-0.006,-0.005,-0.006,-0.005,591.5,
-0.005,-0.006,-0.006,-0.005,-0.007,-0.007,,-0.007,-0.006,-0.006,-0.005,-0.006,-0.005,592,
-0.005,-0.006,-0.006,-0.005,-0.007,-0.007,,-0.007,-0.006,-0.006,-0.005,-0.006,-0.005,592.5,
-0.005,-0.006,-0.006,-0.005,-0.007,-0.007,,-0.007,-0.006,-0.006,-0.005,-0.006,-0.005,593,
-0.005,-0.006,-0.006,-0.005,-0.007,-0.007,,-0.007,-0.006,-0.006,-0.005,-0.006,-0.005,593.5,
-0.005,-0.006,-0.006,-0.005,-0.007,-0.007,,-0.007,-0.006,-0.006,-0.005,-0.006,-0.005,594,
-0.005,-0.006,-0.006,-0.005,-0.007,-0.007,,-0.007,-0.006,-0.006,-0.005,-0.006,-0.005,594.5,
-0.005,-0.006,-0.006,-0.005,-0.007,-0.007,,-0.007,-0.006,-0.006,-0.005,-0.006,-0.005,595,
-0.005,-0.006,-0.006,-0.005,-0.007,-0.006,,-0.007,-0.006,-0.006,-0.005,-0.006,-0.005,595.5,
-0.005,-0.006,-0.006,-0.005,-0.007,-0.006,,-0.007,-0.006,-0.006,-0.005,-0.006,-0.005,596,
-0.005,-0.006,-0.005,-0.005,-0.007,-0.006,,-0.007,-0.006,-0.006,-0.005,-0.006,-0.005,596.5,
-0.005,-0.006,-0.006,-0.005,-0.007,-0.006,,-0.007,-0.006,-0.006,-0.005,-0.006,-0.005,597,
-0.006,-0.006,-0.006,-0.005,-0.007,-0.007,,-0.007,-0.006,-0.006,-0.005,-0.006,-0.005,597.5,
-0.005,-0.006,-0.006,-0.005,-0.007,-0.007,,-0.007,-0.006,-0.006,-0.005,-0.006,-0.005,598,
-0.005,-0.006,-0.006,-0.005,-0.007,-0.007,,-0.007,-0.006,-0.006,-0.005,-0.006,-0.005,598.5,
-0.005,-0.006,-0.006,-0.005,-0.007,-0.006,,-0.007,-0.006,-0.006,-0.005,-0.006,-0.005,599,
-0.005,-0.006,-0.006,-0.005,-0.007,-0.006,,-0.007,-0.006,-0.006,-0.005,-0.006,-0.005,599.5,
-0.005,-0.006,-0.006,-0.005,-0.007,-0.006,,-0.007,-0.006,-0.006,-0.005,-0.006,-0.005,600,
